email,password,name,phone,shipping_address
spike_user_1@eshop.test,Spike@Test123!,Spike User 1,0900000001,"1 Spike Street, District 2, Ho Chi Minh City"
spike_user_2@eshop.test,Spike@Test123!,Spike User 2,0900000002,"2 Spike Street, District 3, Ho Chi Minh City"
spike_user_3@eshop.test,Spike@Test123!,Spike User 3,0900000003,"3 Spike Street, District 4, Ho Chi Minh City"
spike_user_4@eshop.test,Spike@Test123!,Spike User 4,0900000004,"4 Spike Street, District 5, Ho Chi Minh City"
spike_user_5@eshop.test,Spike@Test123!,Spike User 5,0900000005,"5 Spike Street, District 6, Ho Chi Minh City"
spike_user_6@eshop.test,Spike@Test123!,Spike User 6,0900000006,"6 Spike Street, District 7, Ho Chi Minh City"
spike_user_7@eshop.test,Spike@Test123!,Spike User 7,0900000007,"7 Spike Street, District 8, Ho Chi Minh City"
spike_user_8@eshop.test,Spike@Test123!,Spike User 8,0900000008,"8 Spike Street, District 9, Ho Chi Minh City"
spike_user_9@eshop.test,Spike@Test123!,Spike User 9,0900000009,"9 Spike Street, District 10, Ho Chi Minh City"
spike_user_10@eshop.test,Spike@Test123!,Spike User 10,0900000010,"10 Spike Street, District 1, Ho Chi Minh City"
spike_user_11@eshop.test,Spike@Test123!,Spike User 11,0900000011,"11 Spike Street, District 2, Ho Chi Minh City"
spike_user_12@eshop.test,Spike@Test123!,Spike User 12,0900000012,"12 Spike Street, District 3, Ho Chi Minh City"
spike_user_13@eshop.test,Spike@Test123!,Spike User 13,0900000013,"13 Spike Street, District 4, Ho Chi Minh City"
spike_user_14@eshop.test,Spike@Test123!,Spike User 14,0900000014,"14 Spike Street, District 5, Ho Chi Minh City"
spike_user_15@eshop.test,Spike@Test123!,Spike User 15,0900000015,"15 Spike Street, District 6, Ho Chi Minh City"
spike_user_16@eshop.test,Spike@Test123!,Spike User 16,0900000016,"16 Spike Street, District 7, Ho Chi Minh City"
spike_user_17@eshop.test,Spike@Test123!,Spike User 17,0900000017,"17 Spike Street, District 8, Ho Chi Minh City"
spike_user_18@eshop.test,Spike@Test123!,Spike User 18,0900000018,"18 Spike Street, District 9, Ho Chi Minh City"
spike_user_19@eshop.test,Spike@Test123!,Spike User 19,0900000019,"19 Spike Street, District 10, Ho Chi Minh City"
spike_user_20@eshop.test,Spike@Test123!,Spike User 20,0900000020,"20 Spike Street, District 1, Ho Chi Minh City"
spike_user_21@eshop.test,Spike@Test123!,Spike User 21,0900000021,"21 Spike Street, District 2, Ho Chi Minh City"
spike_user_22@eshop.test,Spike@Test123!,Spike User 22,0900000022,"22 Spike Street, District 3, Ho Chi Minh City"
spike_user_23@eshop.test,Spike@Test123!,Spike User 23,0900000023,"23 Spike Street, District 4, Ho Chi Minh City"
spike_user_24@eshop.test,Spike@Test123!,Spike User 24,0900000024,"24 Spike Street, District 5, Ho Chi Minh City"
spike_user_25@eshop.test,Spike@Test123!,Spike User 25,0900000025,"25 Spike Street, District 6, Ho Chi Minh City"
spike_user_26@eshop.test,Spike@Test123!,Spike User 26,0900000026,"26 Spike Street, District 7, Ho Chi Minh City"
spike_user_27@eshop.test,Spike@Test123!,Spike User 27,0900000027,"27 Spike Street, District 8, Ho Chi Minh City"
spike_user_28@eshop.test,Spike@Test123!,Spike User 28,0900000028,"28 Spike Street, District 9, Ho Chi Minh City"
spike_user_29@eshop.test,Spike@Test123!,Spike User 29,0900000029,"29 Spike Street, District 10, Ho Chi Minh City"
spike_user_30@eshop.test,Spike@Test123!,Spike User 30,0900000030,"30 Spike Street, District 1, Ho Chi Minh City"
spike_user_31@eshop.test,Spike@Test123!,Spike User 31,0900000031,"31 Spike Street, District 2, Ho Chi Minh City"
spike_user_32@eshop.test,Spike@Test123!,Spike User 32,0900000032,"32 Spike Street, District 3, Ho Chi Minh City"
spike_user_33@eshop.test,Spike@Test123!,Spike User 33,0900000033,"33 Spike Street, District 4, Ho Chi Minh City"
spike_user_34@eshop.test,Spike@Test123!,Spike User 34,0900000034,"34 Spike Street, District 5, Ho Chi Minh City"
spike_user_35@eshop.test,Spike@Test123!,Spike User 35,0900000035,"35 Spike Street, District 6, Ho Chi Minh City"
spike_user_36@eshop.test,Spike@Test123!,Spike User 36,0900000036,"36 Spike Street, District 7, Ho Chi Minh City"
spike_user_37@eshop.test,Spike@Test123!,Spike User 37,0900000037,"37 Spike Street, District 8, Ho Chi Minh City"
spike_user_38@eshop.test,Spike@Test123!,Spike User 38,0900000038,"38 Spike Street, District 9, Ho Chi Minh City"
spike_user_39@eshop.test,Spike@Test123!,Spike User 39,0900000039,"39 Spike Street, District 10, Ho Chi Minh City"
spike_user_40@eshop.test,Spike@Test123!,Spike User 40,0900000040,"40 Spike Street, District 1, Ho Chi Minh City"
spike_user_41@eshop.test,Spike@Test123!,Spike User 41,0900000041,"41 Spike Street, District 2, Ho Chi Minh City"
spike_user_42@eshop.test,Spike@Test123!,Spike User 42,0900000042,"42 Spike Street, District 3, Ho Chi Minh City"
spike_user_43@eshop.test,Spike@Test123!,Spike User 43,0900000043,"43 Spike Street, District 4, Ho Chi Minh City"
spike_user_44@eshop.test,Spike@Test123!,Spike User 44,0900000044,"44 Spike Street, District 5, Ho Chi Minh City"
spike_user_45@eshop.test,Spike@Test123!,Spike User 45,0900000045,"45 Spike Street, District 6, Ho Chi Minh City"
spike_user_46@eshop.test,Spike@Test123!,Spike User 46,0900000046,"46 Spike Street, District 7, Ho Chi Minh City"
spike_user_47@eshop.test,Spike@Test123!,Spike User 47,0900000047,"47 Spike Street, District 8, Ho Chi Minh City"
spike_user_48@eshop.test,Spike@Test123!,Spike User 48,0900000048,"48 Spike Street, District 9, Ho Chi Minh City"
spike_user_49@eshop.test,Spike@Test123!,Spike User 49,0900000049,"49 Spike Street, District 10, Ho Chi Minh City"
spike_user_50@eshop.test,Spike@Test123!,Spike User 50,0900000050,"50 Spike Street, District 1, Ho Chi Minh City"
